{
  "tile": "everglades_fl",
  "size_km": 1.0,
  "size_px": 100,
  "n_cal": 0,
  "n_cal_sub": 0,
  "n_test": 0,
  "n_classes": 0,
  "is_A": 2.835,
  "is_B": 2.745,
  "is_C": 2.805,
  "is_D": 3.042299349240781,
  "cov_A": 0.9,
  "cov_B": 0.9,
  "cov_C": 0.9,
  "cov_D": 0.9,
  "best_r_sacp": 3,
  "best_r_geocp": 10,
  "best_bw_geocp": 20,
  "B_vs_A_pct": 3.1746031746031695,
  "C_vs_A_pct": 1.04,
  "C_vs_B_pct": -2.185792349726778,
  "C_vs_D_pct": 7.8,
  "A_vs_D_pct": 6.813903743315513,
  "sd_q": 0.0
}