{
  "tile": "everglades_fl",
  "size_km": 2.0,
  "size_px": 200,
  "n_cal": 0,
  "n_cal_sub": 0,
  "n_test": 0,
  "n_classes": 0,
  "is_A": 3.029,
  "is_B": 3.037,
  "is_C": 3.056,
  "is_D": 3.0896774845819435,
  "cov_A": 0.9,
  "cov_B": 0.9,
  "cov_C": 0.9,
  "cov_D": 0.9,
  "best_r_sacp": 3,
  "best_r_geocp": 3,
  "best_bw_geocp": 50,
  "B_vs_A_pct": -0.26411356883459913,
  "C_vs_A_pct": -0.88,
  "C_vs_B_pct": -0.6256173855778772,
  "C_vs_D_pct": 1.09,
  "A_vs_D_pct": 1.963877617801059,
  "sd_q": 0.0
}