{
  "tile": "everglades_fl",
  "size_km": 5.0,
  "size_px": 500,
  "n_cal": 0,
  "n_cal_sub": 0,
  "n_test": 0,
  "n_classes": 0,
  "is_A": 3.066,
  "is_B": 2.974,
  "is_C": 2.936,
  "is_D": 3.0140642644492353,
  "cov_A": 0.9,
  "cov_B": 0.9,
  "cov_C": 0.9,
  "cov_D": 0.9,
  "best_r_sacp": 5,
  "best_r_geocp": 2,
  "best_bw_geocp": 20,
  "B_vs_A_pct": 3.000652315720797,
  "C_vs_A_pct": 4.24,
  "C_vs_B_pct": 1.2777404169468813,
  "C_vs_D_pct": 2.59,
  "A_vs_D_pct": -1.723113079019066,
  "sd_q": 0.0
}