{
  "tile": "hartford_ct",
  "size_km": 1.0,
  "size_px": 100,
  "n_cal": 0,
  "n_cal_sub": 0,
  "n_test": 0,
  "n_classes": 0,
  "is_A": 3.665,
  "is_B": 3.673,
  "is_C": 3.663,
  "is_D": 3.808484092326887,
  "cov_A": 0.9,
  "cov_B": 0.9,
  "cov_C": 0.9,
  "cov_D": 0.9,
  "best_r_sacp": 2,
  "best_r_geocp": 2,
  "best_bw_geocp": 50,
  "B_vs_A_pct": -0.21828103683492517,
  "C_vs_A_pct": 0.04,
  "C_vs_B_pct": 0.2722570106180297,
  "C_vs_D_pct": 3.82,
  "A_vs_D_pct": 3.7674856674856643,
  "sd_q": 0.0
}