{
  "tile": "hartford_ct",
  "size_km": 5.0,
  "size_px": 500,
  "n_cal": 0,
  "n_cal_sub": 0,
  "n_test": 0,
  "n_classes": 0,
  "is_A": 3.528,
  "is_B": 3.471,
  "is_C": 3.448,
  "is_D": 3.631767432062355,
  "cov_A": 0.9,
  "cov_B": 0.9,
  "cov_C": 0.9,
  "cov_D": 0.9,
  "best_r_sacp": 2,
  "best_r_geocp": 2,
  "best_bw_geocp": 50,
  "B_vs_A_pct": 1.6156462585033997,
  "C_vs_A_pct": 2.27,
  "C_vs_B_pct": 0.6626332469029136,
  "C_vs_D_pct": 5.06,
  "A_vs_D_pct": 2.857215777262181,
  "sd_q": 0.0
}