{
  "tile": "hartford_ct",
  "size_km": 2.0,
  "size_px": 200,
  "n_cal": 0,
  "n_cal_sub": 0,
  "n_test": 0,
  "n_classes": 0,
  "is_A": 3.423,
  "is_B": 3.446,
  "is_C": 3.414,
  "is_D": 3.7226038599934577,
  "cov_A": 0.9,
  "cov_B": 0.9,
  "cov_C": 0.9,
  "cov_D": 0.9,
  "best_r_sacp": 2,
  "best_r_geocp": 2,
  "best_bw_geocp": 50,
  "B_vs_A_pct": -0.6719252118025163,
  "C_vs_A_pct": 0.27,
  "C_vs_B_pct": 0.9286128845037732,
  "C_vs_D_pct": 8.29,
  "A_vs_D_pct": 8.04823374340949,
  "sd_q": 0.0
}