{
  "tile": "lancaster_pa",
  "size_km": 1.0,
  "size_px": 100,
  "n_cal": 0,
  "n_cal_sub": 0,
  "n_test": 0,
  "n_classes": 0,
  "is_A": 3.361,
  "is_B": 3.214,
  "is_C": 3.379,
  "is_D": 3.2403145377828926,
  "cov_A": 0.9,
  "cov_B": 0.9,
  "cov_C": 0.9,
  "cov_D": 0.9,
  "best_r_sacp": 2,
  "best_r_geocp": 10,
  "best_bw_geocp": 20,
  "B_vs_A_pct": 4.373698304076175,
  "C_vs_A_pct": -0.55,
  "C_vs_B_pct": -5.1337896701929076,
  "C_vs_D_pct": -4.28,
  "A_vs_D_pct": -3.7244983722994918,
  "sd_q": 0.0
}