{
  "tile": "lancaster_pa",
  "size_km": 2.0,
  "size_px": 200,
  "n_cal": 0,
  "n_cal_sub": 0,
  "n_test": 0,
  "n_classes": 0,
  "is_A": 3.445,
  "is_B": 3.287,
  "is_C": 3.289,
  "is_D": 3.4346282372598163,
  "cov_A": 0.9,
  "cov_B": 0.9,
  "cov_C": 0.9,
  "cov_D": 0.9,
  "best_r_sacp": 3,
  "best_r_geocp": 5,
  "best_bw_geocp": 10,
  "B_vs_A_pct": 4.5863570391872255,
  "C_vs_A_pct": 4.52,
  "C_vs_B_pct": -0.060845756008525216,
  "C_vs_D_pct": 4.24,
  "A_vs_D_pct": -0.3019762845849743,
  "sd_q": 0.0
}