{
  "tile": "lancaster_pa",
  "size_km": 5.0,
  "size_px": 500,
  "n_cal": 0,
  "n_cal_sub": 0,
  "n_test": 0,
  "n_classes": 0,
  "is_A": 3.435,
  "is_B": 3.321,
  "is_C": 3.372,
  "is_D": 3.5117683815871694,
  "cov_A": 0.9,
  "cov_B": 0.9,
  "cov_C": 0.9,
  "cov_D": 0.9,
  "best_r_sacp": 3,
  "best_r_geocp": 2,
  "best_bw_geocp": 20,
  "B_vs_A_pct": 3.318777292576416,
  "C_vs_A_pct": 1.84,
  "C_vs_B_pct": -1.5356820234868929,
  "C_vs_D_pct": 3.98,
  "A_vs_D_pct": 2.1860320284697514,
  "sd_q": 0.0
}