{
  "tile": "lubbock_tx",
  "size_km": 2.0,
  "size_px": 200,
  "n_cal": 0,
  "n_cal_sub": 0,
  "n_test": 0,
  "n_classes": 0,
  "is_A": 3.276,
  "is_B": 3.243,
  "is_C": 3.176,
  "is_D": 3.3740571549984066,
  "cov_A": 0.9,
  "cov_B": 0.9,
  "cov_C": 0.9,
  "cov_D": 0.9,
  "best_r_sacp": 2,
  "best_r_geocp": 2,
  "best_bw_geocp": 20,
  "B_vs_A_pct": 1.0073260073260049,
  "C_vs_A_pct": 3.05,
  "C_vs_B_pct": 2.065988282454509,
  "C_vs_D_pct": 5.87,
  "A_vs_D_pct": 2.9062090680100865,
  "sd_q": 0.0
}