{
  "tile": "lubbock_tx",
  "size_km": 5.0,
  "size_px": 500,
  "n_cal": 0,
  "n_cal_sub": 0,
  "n_test": 0,
  "n_classes": 0,
  "is_A": 3.514,
  "is_B": 3.405,
  "is_C": 3.434,
  "is_D": 3.5112474437627816,
  "cov_A": 0.9,
  "cov_B": 0.9,
  "cov_C": 0.9,
  "cov_D": 0.9,
  "best_r_sacp": 2,
  "best_r_geocp": 2,
  "best_bw_geocp": 20,
  "B_vs_A_pct": 3.1018782014797948,
  "C_vs_A_pct": 2.28,
  "C_vs_B_pct": -0.8516886930983953,
  "C_vs_D_pct": 2.2,
  "A_vs_D_pct": -0.07839254513684774,
  "sd_q": 0.0
}