{
  "tile": "lubbock_tx",
  "size_km": 1.0,
  "size_px": 100,
  "n_cal": 0,
  "n_cal_sub": 0,
  "n_test": 0,
  "n_classes": 0,
  "is_A": 3.384,
  "is_B": 3.53,
  "is_C": 3.456,
  "is_D": 3.5951315926349734,
  "cov_A": 0.9,
  "cov_B": 0.9,
  "cov_C": 0.9,
  "cov_D": 0.9,
  "best_r_sacp": 2,
  "best_r_geocp": 2,
  "best_bw_geocp": 10,
  "B_vs_A_pct": -4.314420803782503,
  "C_vs_A_pct": -2.13,
  "C_vs_B_pct": 2.0963172804532535,
  "C_vs_D_pct": 3.87,
  "A_vs_D_pct": 5.8727083333333345,
  "sd_q": 0.0
}