{
  "tile": "mississippi_la",
  "size_km": 5.0,
  "size_px": 500,
  "n_cal": 49999,
  "n_cal_sub": 19999,
  "n_test": 50000,
  "n_classes": 4,
  "is_A": 2.97354,
  "is_B": 2.941,
  "is_C": 2.94524,
  "cov_A": 0.9002,
  "cov_B": 0.8989,
  "cov_C": 0.89878,
  "best_r_sacp": 10,
  "best_r_geocp": 5,
  "best_bw_geocp": 20,
  "B_vs_A_pct": 1.094318556333529,
  "C_vs_A_pct": 0.9517275705051814,
  "C_vs_B_pct": -0.14416865011901542,
  "is_D": 2.95714,
  "cov_D": 0.89912,
  "C_vs_D_pct": 0.4024158477447737,
  "A_vs_D_pct": -0.5545899078163351,
  "sd_q": 0.01802779215275517
}