{
  "tile": "mississippi_la",
  "size_km": 2.0,
  "size_px": 200,
  "n_cal": 8000,
  "n_cal_sub": 8000,
  "n_test": 8000,
  "n_classes": 3,
  "is_A": 3.1155,
  "is_B": 2.906875,
  "is_C": 3.01525,
  "cov_A": 0.8915,
  "cov_B": 0.900375,
  "cov_C": 0.89475,
  "best_r_sacp": 10,
  "best_r_geocp": 2,
  "best_bw_geocp": 20,
  "B_vs_A_pct": 6.69635692505216,
  "C_vs_A_pct": 3.2177820574546607,
  "C_vs_B_pct": -3.7282304880670862,
  "is_D": 2.976125,
  "cov_D": 0.897375,
  "C_vs_D_pct": -1.3146289218362754,
  "A_vs_D_pct": -4.683103028266615,
  "sd_q": 0.012533989930567787
}