{
  "tile": "phoenix_az",
  "size_km": 2.0,
  "size_px": 200,
  "n_cal": 0,
  "n_cal_sub": 0,
  "n_test": 0,
  "n_classes": 0,
  "is_A": 3.428,
  "is_B": 3.433,
  "is_C": 3.367,
  "is_D": 3.4927385892116183,
  "cov_A": 0.9,
  "cov_B": 0.9,
  "cov_C": 0.9,
  "cov_D": 0.9,
  "best_r_sacp": 2,
  "best_r_geocp": 2,
  "best_bw_geocp": 50,
  "B_vs_A_pct": -0.14585764294048698,
  "C_vs_A_pct": 1.78,
  "C_vs_B_pct": 1.9225167491989468,
  "C_vs_D_pct": 3.6,
  "A_vs_D_pct": 1.8535194535194561,
  "sd_q": 0.0
}