{
  "tile": "phoenix_az",
  "size_km": 5.0,
  "size_px": 500,
  "n_cal": 49993,
  "n_cal_sub": 19998,
  "n_test": 49994,
  "n_classes": 6,
  "is_A": 3.457114853782454,
  "is_B": 3.370264431731808,
  "is_C": 3.341360963315598,
  "cov_A": 0.9000880105612673,
  "cov_B": 0.901028123374805,
  "cov_C": 0.90280833700044,
  "best_r_sacp": 2,
  "best_r_geocp": 2,
  "best_bw_geocp": 20,
  "B_vs_A_pct": 2.5122226400902594,
  "C_vs_A_pct": 3.3482801515896665,
  "C_vs_B_pct": 0.8576023929777498,
  "is_D": 3.5053606432771933,
  "cov_D": 0.9008280993719247,
  "C_vs_D_pct": 4.678539432914688,
  "A_vs_D_pct": 1.3763431043042131,
  "sd_q": 0.0567681867740029
}