{
  "tile": "phoenix_az",
  "size_km": 1.0,
  "size_px": 100,
  "n_cal": 0,
  "n_cal_sub": 0,
  "n_test": 0,
  "n_classes": 0,
  "is_A": 3.385,
  "is_B": 3.282,
  "is_C": 3.321,
  "is_D": 3.5020563112938943,
  "cov_A": 0.9,
  "cov_B": 0.9,
  "cov_C": 0.9,
  "cov_D": 0.9,
  "best_r_sacp": 2,
  "best_r_geocp": 2,
  "best_bw_geocp": 20,
  "B_vs_A_pct": 3.0428360413589295,
  "C_vs_A_pct": 1.86,
  "C_vs_B_pct": -1.188299817184648,
  "C_vs_D_pct": 5.17,
  "A_vs_D_pct": 3.342502258355921,
  "sd_q": 0.0
}