{
  "tile": "polk_iowa",
  "size_km": 5.0,
  "size_px": 500,
  "n_cal": 0,
  "n_cal_sub": 0,
  "n_test": 0,
  "n_classes": 0,
  "is_A": 3.409,
  "is_B": 3.337,
  "is_C": 3.355,
  "is_D": 3.5420185810810807,
  "cov_A": 0.9,
  "cov_B": 0.9,
  "cov_C": 0.9,
  "cov_D": 0.9,
  "best_r_sacp": 2,
  "best_r_geocp": 2,
  "best_bw_geocp": 50,
  "B_vs_A_pct": 2.1120563215018957,
  "C_vs_A_pct": 1.58,
  "C_vs_B_pct": -0.5394066526820436,
  "C_vs_D_pct": 5.28,
  "A_vs_D_pct": 3.7554456035767463,
  "sd_q": 0.0
}