{
  "tile": "polk_iowa",
  "size_km": 1.0,
  "size_px": 100,
  "n_cal": 0,
  "n_cal_sub": 0,
  "n_test": 0,
  "n_classes": 0,
  "is_A": 2.939,
  "is_B": 2.99,
  "is_C": 2.962,
  "is_D": 3.2649911816578485,
  "cov_A": 0.9,
  "cov_B": 0.9,
  "cov_C": 0.9,
  "cov_D": 0.9,
  "best_r_sacp": 3,
  "best_r_geocp": 2,
  "best_bw_geocp": 50,
  "B_vs_A_pct": -1.7352841102415841,
  "C_vs_A_pct": -0.77,
  "C_vs_B_pct": 0.9364548494983286,
  "C_vs_D_pct": 9.28,
  "A_vs_D_pct": 9.98444294395679,
  "sd_q": 0.0
}