{
  "tile": "polk_iowa",
  "size_km": 2.0,
  "size_px": 200,
  "n_cal": 0,
  "n_cal_sub": 0,
  "n_test": 0,
  "n_classes": 0,
  "is_A": 3.265,
  "is_B": 3.256,
  "is_C": 3.288,
  "is_D": 3.438251594687859,
  "cov_A": 0.9,
  "cov_B": 0.9,
  "cov_C": 0.9,
  "cov_D": 0.9,
  "best_r_sacp": 3,
  "best_r_geocp": 5,
  "best_bw_geocp": 10,
  "B_vs_A_pct": 0.2756508422664729,
  "C_vs_A_pct": -0.69,
  "C_vs_B_pct": -0.9828009828009837,
  "C_vs_D_pct": 4.37,
  "A_vs_D_pct": 5.038944647201933,
  "sd_q": 0.0
}