{
  "tile": "sacramento_ca",
  "size_km": 1.0,
  "size_px": 100,
  "n_cal": 0,
  "n_cal_sub": 0,
  "n_test": 0,
  "n_classes": 0,
  "is_A": 2.729,
  "is_B": 2.841,
  "is_C": 2.58,
  "is_D": 2.656507413509061,
  "cov_A": 0.9,
  "cov_B": 0.9,
  "cov_C": 0.9,
  "cov_D": 0.9,
  "best_r_sacp": 3,
  "best_r_geocp": 2,
  "best_bw_geocp": 10,
  "B_vs_A_pct": -4.104067423964826,
  "C_vs_A_pct": 5.45,
  "C_vs_B_pct": 9.186906019007395,
  "C_vs_D_pct": 2.88,
  "A_vs_D_pct": -2.728868217054259,
  "sd_q": 0.0
}