{
  "tile": "sacramento_ca",
  "size_km": 2.0,
  "size_px": 200,
  "n_cal": 0,
  "n_cal_sub": 0,
  "n_test": 0,
  "n_classes": 0,
  "is_A": 2.956,
  "is_B": 2.988,
  "is_C": 3.017,
  "is_D": 2.9972183588317107,
  "cov_A": 0.9,
  "cov_B": 0.9,
  "cov_C": 0.9,
  "cov_D": 0.9,
  "best_r_sacp": 10,
  "best_r_geocp": 10,
  "best_bw_geocp": 50,
  "B_vs_A_pct": -1.0825439783491213,
  "C_vs_A_pct": -2.08,
  "C_vs_B_pct": -0.9705488621151244,
  "C_vs_D_pct": -0.66,
  "A_vs_D_pct": 1.3752204176334126,
  "sd_q": 0.0
}