{
  "tile": "sacramento_ca",
  "size_km": 5.0,
  "size_px": 500,
  "n_cal": 0,
  "n_cal_sub": 0,
  "n_test": 0,
  "n_classes": 0,
  "is_A": 3.056,
  "is_B": 2.89,
  "is_C": 2.935,
  "is_D": 2.9335332333833084,
  "cov_A": 0.9,
  "cov_B": 0.9,
  "cov_C": 0.9,
  "cov_D": 0.9,
  "best_r_sacp": 10,
  "best_r_geocp": 10,
  "best_bw_geocp": 20,
  "B_vs_A_pct": 5.431937172774867,
  "C_vs_A_pct": 3.96,
  "C_vs_B_pct": -1.5570934256055338,
  "C_vs_D_pct": -0.05,
  "A_vs_D_pct": -4.174718909710392,
  "sd_q": 0.0
}