{
  "tile": "seattle_wa",
  "size_km": 2.0,
  "size_px": 200,
  "n_cal": 8000,
  "n_cal_sub": 8000,
  "n_test": 8000,
  "n_classes": 6,
  "is_A": 3.383125,
  "is_B": 3.20275,
  "is_C": 3.16225,
  "cov_A": 0.88975,
  "cov_B": 0.895,
  "cov_C": 0.897375,
  "best_r_sacp": 3,
  "best_r_geocp": 3,
  "best_bw_geocp": 50,
  "B_vs_A_pct": 5.331609089229636,
  "C_vs_A_pct": 6.5287271383706,
  "C_vs_B_pct": 1.264538287409264,
  "is_D": 3.294625,
  "cov_D": 0.895125,
  "C_vs_D_pct": 4.017907956140688,
  "A_vs_D_pct": -2.686193421102561,
  "sd_q": 0.00590656291546397
}