{
  "tile": "seattle_wa",
  "size_km": 5.0,
  "size_px": 500,
  "n_cal": 49996,
  "n_cal_sub": 19997,
  "n_test": 49996,
  "n_classes": 6,
  "is_A": 3.175134010720858,
  "is_B": 3.0924473957916634,
  "is_C": 3.0466637330986477,
  "cov_A": 0.9016321305704457,
  "cov_B": 0.9011120889671174,
  "cov_C": 0.904232338587087,
  "best_r_sacp": 3,
  "best_r_geocp": 2,
  "best_bw_geocp": 50,
  "B_vs_A_pct": 2.604192914377871,
  "C_vs_A_pct": 4.046137176838193,
  "C_vs_B_pct": 1.4804993208718795,
  "is_D": 3.2106568525482038,
  "cov_D": 0.9011720937675014,
  "C_vs_D_pct": 5.107774732120611,
  "A_vs_D_pct": 1.1064041863942093,
  "sd_q": 0.023264601949241268
}