{
  "tile": "seattle_wa",
  "size_km": 1.0,
  "size_px": 100,
  "n_cal": 1999,
  "n_cal_sub": 1999,
  "n_test": 1999,
  "n_classes": 4,
  "is_A": 3.3216608304152078,
  "is_B": 3.2051025512756377,
  "is_C": 3.139069534767384,
  "cov_A": 0.8969484742371185,
  "cov_B": 0.8999499749874937,
  "cov_C": 0.9044522261130565,
  "best_r_sacp": 3,
  "best_r_geocp": 5,
  "best_bw_geocp": 50,
  "B_vs_A_pct": 3.5090361445783214,
  "C_vs_A_pct": 5.496987951807229,
  "C_vs_B_pct": 2.060246605275472,
  "is_D": 3.2216108054027015,
  "cov_D": 0.903951975987994,
  "C_vs_D_pct": 2.562111801242237,
  "A_vs_D_pct": -3.1055900621118013,
  "sd_q": 0.006888568772142619
}