{
  "tile": "yellowstone_wy",
  "size_km": 5.0,
  "size_px": 500,
  "n_cal": 50000,
  "n_cal_sub": 19997,
  "n_test": 50000,
  "n_classes": 4,
  "is_A": 3.4683,
  "is_B": 3.35936,
  "is_C": 3.3641,
  "cov_A": 0.8993,
  "cov_B": 0.90054,
  "cov_C": 0.90308,
  "best_r_sacp": 5,
  "best_r_geocp": 5,
  "best_bw_geocp": 20,
  "B_vs_A_pct": 3.141020096300782,
  "C_vs_A_pct": 3.0043537179598094,
  "C_vs_B_pct": -0.14109830443893975,
  "is_D": 3.64032,
  "cov_D": 0.89674,
  "C_vs_D_pct": 7.5877944796061865,
  "A_vs_D_pct": 4.725408755274257,
  "sd_q": 0.04872218034409649
}