{
  "tile": "yellowstone_wy",
  "size_km": 1.0,
  "size_px": 100,
  "n_cal": 1998,
  "n_cal_sub": 1998,
  "n_test": 1998,
  "n_classes": 3,
  "is_A": 3.2112112112112112,
  "is_B": 3.2237237237237237,
  "is_C": 3.1686686686686687,
  "cov_A": 0.8978978978978979,
  "cov_B": 0.8943943943943944,
  "cov_C": 0.8973973973973974,
  "best_r_sacp": 3,
  "best_r_geocp": 3,
  "best_bw_geocp": 10,
  "B_vs_A_pct": -0.38965087281795496,
  "C_vs_A_pct": 1.324812967581047,
  "C_vs_B_pct": 1.7078093463747859,
  "is_D": 3.5645645645645647,
  "cov_D": 0.8853853853853854,
  "C_vs_D_pct": 11.106430777871386,
  "A_vs_D_pct": 9.912945801741088,
  "sd_q": 0.0528639256184215
}