{
  "tile": "yellowstone_wy",
  "size_km": 2.0,
  "size_px": 200,
  "n_cal": 8000,
  "n_cal_sub": 8000,
  "n_test": 8000,
  "n_classes": 4,
  "is_A": 3.5375,
  "is_B": 3.364875,
  "is_C": 3.334625,
  "cov_A": 0.89325,
  "cov_B": 0.89775,
  "cov_C": 0.90075,
  "best_r_sacp": 3,
  "best_r_geocp": 5,
  "best_bw_geocp": 10,
  "B_vs_A_pct": 4.879858657243817,
  "C_vs_A_pct": 5.734982332155481,
  "C_vs_B_pct": 0.8989932761246736,
  "is_D": 3.58575,
  "cov_D": 0.89775,
  "C_vs_D_pct": 7.003416300634457,
  "A_vs_D_pct": 1.3456041274489272,
  "sd_q": 0.051073064702273616
}