{
  "ip": {
    "n_seeds": 10,
    "mean_CvA_pct": 15.555733827716187,
    "p_CA": 9.629734921909665e-08,
    "mean_CvD_pct": 23.866096448417423,
    "p_CD": 4.476541296697988e-08
  },
  "pu": {
    "n_seeds": 10,
    "mean_CvA_pct": 6.962582054680688,
    "p_CA": 2.3932507996016286e-05,
    "mean_CvD_pct": 9.838810759495578,
    "p_CD": 1.4230446304358483e-06
  },
  "sa": {
    "n_seeds": 10,
    "mean_CvA_pct": 6.222205428436352,
    "p_CA": 3.420301857326338e-05,
    "mean_CvD_pct": 9.608805378019872,
    "p_CD": 2.5971736347117236e-07
  },
  "ksc": {
    "n_seeds": 10,
    "mean_CvA_pct": 7.861793224991321,
    "p_CA": 0.00011694238740558872,
    "mean_CvD_pct": 15.035472567801003,
    "p_CD": 2.613093703755715e-06
  },
  "botswana": {
    "n_seeds": 10,
    "mean_CvA_pct": 3.1106793699844304,
    "p_CA": 0.0650162107429848,
    "mean_CvD_pct": 3.3487008821519266,
    "p_CD": 0.12696109465565594
  },
  "pooled": {
    "n": 50,
    "mean_CvA_pct": 7.942598781161796,
    "p_CA": 1.7145151845329511e-12,
    "mean_CvD_pct": 12.339577207177161,
    "p_CD": 2.697837630198637e-12
  }
}