{
  "ip": {
    "nice_name": "Indian Pines",
    "n_seeds": 10,
    "accuracy": {
      "mean": 0.6899000000000001,
      "std": 0.02558347122655564,
      "n": 10
    },
    "standard_cp": {
      "cov": {
        "mean": 0.90106,
        "std": 0.005114723843962624,
        "n": 10
      },
      "size": {
        "mean": 2.35998,
        "std": 0.20118907425603408,
        "n": 10
      },
      "is": {
        "mean": 4.33878,
        "std": 0.2187690005462383,
        "n": 10
      }
    },
    "sacp_default": {
      "cov": {
        "mean": 0.9009600000000001,
        "std": 0.006636143458364939,
        "n": 10
      },
      "size": {
        "mean": 1.92746,
        "std": 0.10295708037818477,
        "n": 10
      },
      "is": {
        "mean": 3.90826,
        "std": 0.14875988841082124,
        "n": 10
      }
    },
    "sacp_cv_r": {
      "cov": {
        "mean": 0.9000199999999999,
        "std": 0.005616012820498203,
        "n": 10
      },
      "size": {
        "mean": 1.71554,
        "std": 0.09339002302173396,
        "n": 10
      },
      "is": {
        "mean": 3.7151400000000003,
        "std": 0.13834467246699447,
        "n": 10
      }
    },
    "sacp_geocp": {
      "cov": {
        "mean": 0.9237599999999999,
        "std": 0.00520369099774383,
        "n": 10
      },
      "size": {
        "mean": 1.7729399999999997,
        "std": 0.11069966756950989,
        "n": 10
      },
      "is": {
        "mean": 3.29774,
        "std": 0.09985405550101611,
        "n": 10
      }
    },
    "r_sacp_cv_r": [
      5,
      5,
      5,
      5,
      5,
      5,
      5,
      5,
      5,
      5
    ],
    "r_sacp_geocp": [
      5,
      5,
      5,
      5,
      5,
      5,
      5,
      5,
      5,
      5
    ],
    "bw_sacp_geocp": [
      7,
      7,
      10,
      7,
      7,
      10,
      10,
      7,
      7,
      15
    ]
  },
  "pu": {
    "nice_name": "Pavia University",
    "n_seeds": 10,
    "accuracy": {
      "mean": 0.8668485162018531,
      "std": 0.011484134005013288,
      "n": 10
    },
    "standard_cp": {
      "cov": {
        "mean": 0.8996943046606782,
        "std": 0.0020274044028602686,
        "n": 10
      },
      "size": {
        "mean": 1.1811174340403519,
        "std": 0.033885225719530704,
        "n": 10
      },
      "is": {
        "mean": 3.1872313408267883,
        "std": 0.052886193727675015,
        "n": 10
      }
    },
    "sacp_default": {
      "cov": {
        "mean": 0.8992522221699666,
        "std": 0.002005356131754449,
        "n": 10
      },
      "size": {
        "mean": 1.0735785166721536,
        "std": 0.021573769675226593,
        "n": 10
      },
      "is": {
        "mean": 3.0885340732728217,
        "std": 0.04384953671097736,
        "n": 10
      }
    },
    "sacp_cv_r": {
      "cov": {
        "mean": 0.8995767295301696,
        "std": 0.002164205270773707,
        "n": 10
      },
      "size": {
        "mean": 1.050768941353525,
        "std": 0.021302778566499668,
        "n": 10
      },
      "is": {
        "mean": 3.059234350750129,
        "std": 0.04333149150655536,
        "n": 10
      }
    },
    "sacp_geocp": {
      "cov": {
        "mean": 0.9114518177115178,
        "std": 0.003542758567813436,
        "n": 10
      },
      "size": {
        "mean": 1.101989371208202,
        "std": 0.025699840439388683,
        "n": 10
      },
      "is": {
        "mean": 2.8729530169778488,
        "std": 0.07089796576677236,
        "n": 10
      }
    },
    "r_sacp_cv_r": [
      10,
      5,
      10,
      3,
      5,
      3,
      10,
      5,
      10,
      5
    ],
    "r_sacp_geocp": [
      10,
      5,
      5,
      10,
      10,
      10,
      10,
      10,
      3,
      10
    ],
    "bw_sacp_geocp": [
      100,
      10,
      10,
      100,
      100,
      100,
      100,
      100,
      10,
      15
    ]
  },
  "sa": {
    "nice_name": "Salinas",
    "n_seeds": 10,
    "accuracy": {
      "mean": 0.8779844097995546,
      "std": 0.014085942184948309,
      "n": 10
    },
    "standard_cp": {
      "cov": {
        "mean": 0.9017706013363028,
        "std": 0.0016431040597641373,
        "n": 10
      },
      "size": {
        "mean": 1.1879138827023015,
        "std": 0.03502664218267522,
        "n": 10
      },
      "is": {
        "mean": 3.152501855976244,
        "std": 0.045081286867716445,
        "n": 10
      }
    },
    "sacp_default": {
      "cov": {
        "mean": 0.9012286562731997,
        "std": 0.001997530592024447,
        "n": 10
      },
      "size": {
        "mean": 1.0635374907201187,
        "std": 0.02312335499647563,
        "n": 10
      },
      "is": {
        "mean": 3.038964365256125,
        "std": 0.049427334170798316,
        "n": 10
      }
    },
    "sacp_cv_r": {
      "cov": {
        "mean": 0.9008426132145507,
        "std": 0.0022212275297796716,
        "n": 10
      },
      "size": {
        "mean": 1.0419265033407572,
        "std": 0.021282532267571666,
        "n": 10
      },
      "is": {
        "mean": 3.02507423904974,
        "std": 0.050622892322843005,
        "n": 10
      }
    },
    "sacp_geocp": {
      "cov": {
        "mean": 0.9117297698589459,
        "std": 0.0027810427629438375,
        "n": 10
      },
      "size": {
        "mean": 1.0834929472902748,
        "std": 0.025088696934145085,
        "n": 10
      },
      "is": {
        "mean": 2.848897550111359,
        "std": 0.04261713665604244,
        "n": 10
      }
    },
    "r_sacp_cv_r": [
      10,
      10,
      10,
      10,
      5,
      5,
      5,
      10,
      10,
      5
    ],
    "r_sacp_geocp": [
      5,
      10,
      10,
      5,
      5,
      10,
      10,
      10,
      10,
      5
    ],
    "bw_sacp_geocp": [
      5,
      10,
      10,
      5,
      7,
      15,
      10,
      30,
      15,
      5
    ]
  },
  "ksc": {
    "nice_name": "KSC",
    "n_seeds": 10,
    "accuracy": {
      "mean": 0.8031035872632003,
      "std": 0.05844507914630681,
      "n": 10
    },
    "standard_cp": {
      "cov": {
        "mean": 0.8953244659411528,
        "std": 0.00918073401084077,
        "n": 10
      },
      "size": {
        "mean": 1.7425231761386537,
        "std": 0.4308801446303379,
        "n": 10
      },
      "is": {
        "mean": 3.8360338573155985,
        "std": 0.33875270186065126,
        "n": 10
      }
    },
    "sacp_default": {
      "cov": {
        "mean": 0.8969367190648931,
        "std": 0.0094355555864084,
        "n": 10
      },
      "size": {
        "mean": 1.4789600967351875,
        "std": 0.42876427661966837,
        "n": 10
      },
      "is": {
        "mean": 3.540225715437323,
        "std": 0.3638582883061547,
        "n": 10
      }
    },
    "sacp_cv_r": {
      "cov": {
        "mean": 0.896694881096332,
        "std": 0.007863453682171269,
        "n": 10
      },
      "size": {
        "mean": 1.364006449012495,
        "std": 0.3513688494814473,
        "n": 10
      },
      "is": {
        "mean": 3.430108827085853,
        "std": 0.3202545354378615,
        "n": 10
      }
    },
    "sacp_geocp": {
      "cov": {
        "mean": 0.9124143490528013,
        "std": 0.011620601688978644,
        "n": 10
      },
      "size": {
        "mean": 1.5031841999193873,
        "std": 0.3699172940236878,
        "n": 10
      },
      "is": {
        "mean": 3.254897218863362,
        "std": 0.2783027005353655,
        "n": 10
      }
    },
    "r_sacp_cv_r": [
      10,
      10,
      10,
      3,
      5,
      10,
      10,
      5,
      5,
      5
    ],
    "r_sacp_geocp": [
      10,
      10,
      10,
      5,
      10,
      10,
      10,
      5,
      10,
      10
    ],
    "bw_sacp_geocp": [
      50,
      100,
      50,
      50,
      100,
      30,
      100,
      100,
      50,
      50
    ]
  },
  "botswana": {
    "nice_name": "Botswana",
    "n_seeds": 10,