{
  "ip": {
    "n_seeds": 10,
    "mean_imp_pct": 7.1095509487170485,
    "t_stat": 8.194138937919364,
    "p_value": 1.8266730065930274e-05
  },
  "pu": {
    "n_seeds": 10,
    "mean_imp_pct": 3.0326537563805216,
    "t_stat": 3.3403958521369246,
    "p_value": 0.008654720617288314
  },
  "sa": {
    "n_seeds": 10,
    "mean_imp_pct": 2.22037577720127,
    "t_stat": 3.0541216303464456,
    "p_value": 0.013701252864845546
  },
  "ksc": {
    "n_seeds": 10,
    "mean_imp_pct": 1.925390322787014,
    "t_stat": 2.2547988939347063,
    "p_value": 0.05060490114653235
  },
  "botswana": {
    "n_seeds": 10,
    "mean_imp_pct": 0.7404917097222862,
    "t_stat": 0.9228674137973266,
    "p_value": 0.38015215991709483
  },
  "pooled": {
    "n": 50,
    "mean_imp_pct": 3.005692502961628,
    "t_stat": 6.048813495342673,
    "p_value_t": 1.9682060544797747e-07,
    "wilcoxon_W": 113.5,
    "p_value_wilcoxon": 4.229052853544437e-07,
    "n_positive": 41
  }
}