{
  "ip": {
    "nice_name": "Indian Pines",
    "n_seeds": 10,
    "accuracy": {
      "mean": 0.6880600000000001,
      "std": 0.027411391792464664,
      "n": 10
    },
    "standard_cp": {
      "cov": {
        "mean": 0.9027199999999999,
        "std": 0.0065709664433780185,
        "n": 10
      },
      "size": {
        "mean": 2.36026,
        "std": 0.1826982878956451,
        "n": 10
      },
      "is": {
        "mean": 4.30586,
        "std": 0.23449262760266038,
        "n": 10
      }
    },
    "sacp_0.3": {
      "cov": {
        "mean": 0.90018,
        "std": 0.006119117583442899,
        "n": 10
      },
      "size": {
        "mean": 1.9831599999999998,
        "std": 0.10279170394540603,
        "n": 10
      },
      "is": {
        "mean": 3.97956,
        "std": 0.15515645780952855,
        "n": 10
      }
    },
    "sacp_0.5": {
      "cov": {
        "mean": 0.90076,
        "std": 0.006567069361595025,
        "n": 10
      },
      "size": {
        "mean": 1.9355600000000002,
        "std": 0.09867651392302024,
        "n": 10
      },
      "is": {
        "mean": 3.9203599999999996,
        "std": 0.15222929547232358,
        "n": 10
      }
    },
    "sacp_0.7": {
      "cov": {
        "mean": 0.9008199999999998,
        "std": 0.007020797675478204,
        "n": 10
      },
      "size": {
        "mean": 1.91086,
        "std": 0.09603399606389393,
        "n": 10
      },
      "is": {
        "mean": 3.89446,
        "std": 0.15836368396826342,
        "n": 10
      }
    },
    "sacp_geocp": {
      "cov": {
        "mean": 0.9159599999999999,
        "std": 0.004896365999391801,
        "n": 10
      },
      "size": {
        "mean": 1.95966,
        "std": 0.11780336327966189,
        "n": 10
      },
      "is": {
        "mean": 3.64046,
        "std": 0.1453253467224489,
        "n": 10
      }
    },
    "bw_selected": [
      7,
      3,
      15,
      15,
      7,
      10,
      5,
      10,
      7,
      15
    ]
  },
  "pu": {
    "nice_name": "Pavia University",
    "n_seeds": 10,
    "accuracy": {
      "mean": 0.8619385787518224,
      "std": 0.019458023535925188,
      "n": 10
    },
    "standard_cp": {
      "cov": {
        "mean": 0.8998118797911866,
        "std": 0.002802221638238067,
        "n": 10
      },
      "size": {
        "mean": 1.1935474768376992,
        "std": 0.04548230222818255,
        "n": 10
      },
      "is": {
        "mean": 3.1973098810139677,
        "std": 0.0914557699121892,
        "n": 10
      }
    },
    "sacp_0.3": {
      "cov": {
        "mean": 0.8997977707755256,
        "std": 0.002042447539391148,
        "n": 10
      },
      "size": {
        "mean": 1.105281474862437,
        "std": 0.04408452800131553,
        "n": 10
      },
      "is": {
        "mean": 3.109326059351926,
        "std": 0.0573579804637044,
        "n": 10
      }
    },
    "sacp_0.5": {
      "cov": {
        "mean": 0.900404458448949,
        "std": 0.0021524201403092845,
        "n": 10
      },
      "size": {
        "mean": 1.0876781263227202,
        "std": 0.04542472061178169,
        "n": 10
      },
      "is": {
        "mean": 3.0795889573437427,
        "std": 0.06000497274511944,
        "n": 10
      }
    },
    "sacp_0.7": {
      "cov": {
        "mean": 0.9012133753468466,
        "std": 0.0016657205310822351,
        "n": 10
      },
      "size": {
        "mean": 1.079005784696421,
        "std": 0.046467259774209534,
        "n": 10
      },
      "is": {
        "mean": 3.0547382777594883,
        "std": 0.057268622020603115,
        "n": 10
      }
    },
    "sacp_geocp": {
      "cov": {
        "mean": 0.9077646616187746,
        "std": 0.00407253097566028,
        "n": 10
      },
      "size": {
        "mean": 1.140911442411701,
        "std": 0.04144562301794591,
        "n": 10
      },
      "is": {
        "mean": 2.9856182100362134,
        "std": 0.08415434275056595,
        "n": 10
      }
    },
    "bw_selected": [
      15,
      20,
      10,
      100,
      100,
      100,
      100,
      100,
      100,
      15
    ]
  },
  "sa": {
    "nice_name": "Salinas",
    "n_seeds": 10,
    "accuracy": {
      "mean": 0.8834372680029696,
      "std": 0.013427531366823895,
      "n": 10
    },
    "standard_cp": {
      "cov": {
        "mean": 0.9016629547141797,
        "std": 0.00198835959108141,
        "n": 10
      },
      "size": {
        "mean": 1.1751521900519672,
        "std": 0.03349764809494089,
        "n": 10
      },
      "is": {
        "mean": 3.141893095768374,
        "std": 0.03976014099356262,
        "n": 10
      }
    },
    "sacp_0.3": {
      "cov": {
        "mean": 0.9008203414996288,
        "std": 0.002235843670419697,
        "n": 10
      },
      "size": {
        "mean": 1.0804194506310318,
        "std": 0.02314540490690799,
        "n": 10
      },
      "is": {
        "mean": 3.0640126206384557,
        "std": 0.048398346984695736,
        "n": 10
      }
    },
    "sacp_0.5": {
      "cov": {
        "mean": 0.9007275426874536,
        "std": 0.0021420378161644254,
        "n": 10
      },
      "size": {
        "mean": 1.0537861915367486,
        "std": 0.023092199326334596,
        "n": 10
      },
      "is": {
        "mean": 3.0392353377876757,
        "std": 0.04627006769296876,
        "n": 10
      }
    },
    "sacp_0.7": {
      "cov": {
        "mean": 0.9006013363028954,
        "std": 0.002091829319000403,
        "n": 10
      },
      "size": {
        "mean": 1.0405233853006681,
        "std": 0.02429455774960708,
        "n": 10
      },
      "is": {
        "mean": 3.028496659242762,
        "std": 0.05065956849619876,
        "n": 10
      }
    },
    "sacp_geocp": {
      "cov": {
        "mean": 0.9076800296956199,
        "std": 0.002923098360143395,
        "n": 10
      },
      "size": {
        "mean": 1.1248552338530067,
        "std": 0.036314576605283685,
        "n": 10
      },
      "is": {
        "mean": 2.971254639940609,
        "std": 0.05845080929570227,
        "n": 10
      }
    },
    "bw_selected": [
      5,
      5,
      50,
      5,
      5,
      7,
      10,
      50,
      20,
      5
    ]
  },
  "ksc": {
    "nice_name": "KSC",
    "n_seeds": 10,
    "accuracy": {
      "mean": 0.8108424022571542,
      "std": 0.038710047254303555,
      "n": 10
    },
    "standard_cp": {
      "cov": {
        "mean": 0.8928254735993552,
        "std": 0.009047760698201021,
        "n": 10
      },
      "size": {
        "mean": 1.6142684401451028,
        "std": 0.28585167180214044,
        "n": 10
      },
      "is": {
        "mean": 3.757758968158001,
        "std": 0.3066402554653043,
        "n": 10
      }
    },
    "sacp_0.3": {
      "cov": {
        "mean": 0.8968158000806126,
        "std": 0.009516050057846342,
        "n": 10
      },
      "size": {
        "mean": 1.410802095929061,
        "std": 0.21988273450368215,
        "n": 10
      },
      "is": {
        "mean": 3.4744860943168083,
        "std": 0.25861526384852757,
        "n": 10
      }
    },
    "sacp_0.5": {
      "cov": {
        "mean": 0.8957678355501815,
        "std": 0.008731135914617742,
        "n": 10
      },
      "size": {
        "mean": 1.3507053607416364,
        "std": 0.20244135266795446,
        "n": 10
      },
      "is": {
        "mean": 3.435348649738009,
        "std": 0.22202300610013706,
        "n": 10
      }
    },
    "sacp_0.7": {
      "cov": {
        "mean": 0.8962515114873035,
        "std": 0.009886477607153216,
        "n": 10
      },
      "size": {
        "mean": 1.3216444981862154,
        "std": 0.19742959496625734,
        "n": 10
      },
      "is": {
        "mean": 3.3966142684401452,
        "std": 0.2098293398713168,
        "n": 10
      }
    },
    "sacp_geocp": {
      "cov": {
        "mean": 0.9064490124949616,
        "std": 0.014151424938911661,
        "n": 10
      },