alpha,comparison,mean_pct,sem_val,t,p,n
0.05,C vs A,13.94899405021146,1.4011023867805223,9.955727848172256,2.3321532463886025e-13,50
0.05,C vs D,20.554312178594643,1.3856687017660276,14.833496745938097,9.462175803805943e-20,50
0.1,C vs A,7.874481726685644,0.9396695689215273,8.380053996771762,5.041758854984775e-11,50
0.1,C vs D,12.002653730105614,1.2763075814228575,9.404201545778466,1.4854800799907499e-12,50
0.15,C vs A,3.788381718924234,0.5738064987653111,6.60219381808308,2.7428835263570217e-08,50
0.15,C vs D,7.475310720801337,0.8669409005701362,8.622630119175671,2.1678216361430307e-11,50
