alpha,mean_pct,pooled_n,pooled_sem,pooled_t,pooled_p,clust_n,clust_mean_pct,clust_sem,clust_t,clust_p,experiment,comparison
0.05,2.563433977928979,29,0.7719049324074531,3.3209192872158773,0.0025028526497425977,10,2.53532909975637,0.7674616410566057,3.3035254977250013,0.009178160698674807,S2,C vs A
0.1,2.0949512981962815,29,0.4386301972788854,4.776121915893289,5.11475126508782e-05,10,2.094611415389069,0.46690179478472305,4.486192682884937,0.001518818088092643,S2,C vs A
0.15,2.5968144983520585,29,0.4306070509328876,6.030589821337566,1.68555452280612e-06,10,2.6103106733476045,0.43060325189669474,6.0619855095145425,0.00018772341439591487,S2,C vs A
