alpha,mean_pct,pooled_n,pooled_sem,pooled_t,pooled_p,clust_n,clust_mean_pct,clust_sem,clust_t,clust_p,experiment,comparison
0.05,20.554312178594643,50,1.3856687017660276,14.833496745938097,9.462175803805943e-20,5,20.55431217859464,4.23987916668167,4.847853292640274,0.008352398015460654,HSI,C vs D
0.1,12.002653730105612,50,1.2763075814228575,9.404201545778465,1.4854800799907553e-12,5,12.00265373010561,3.8223554841985607,3.140119693137915,0.034843720494913064,HSI,C vs D
0.15,7.475310720801339,50,0.8669409005701362,8.622630119175673,2.1678216361430236e-11,5,7.475310720801337,2.4704793090055754,3.025854413575445,0.03893866340255085,HSI,C vs D
0.05,5.694596477923162,29,0.9937037285527432,5.7306783846095914,3.786645931113597e-06,10,5.511436361832773,1.04213946641075,5.288578486346749,0.0005013752094742654,S2,C vs D
0.1,3.9841901984153254,29,0.6157004535293045,6.470987922093023,5.203174518244632e-07,10,3.8361803072332905,0.8625183876600233,4.447650464172351,0.0016056382454689886,S2,C vs D
0.15,3.267608403917688,29,0.4098815565619495,7.9720796205764906,1.1073983432135446e-08,10,3.1760444015865037,0.5918040445945573,5.366716281505645,0.0004523075415826642,S2,C vs D
0.05,15.099479832778528,79,1.2454956446558068,12.123269878596224,1.2666719484892612e-19,15,10.525728300753396,2.4019537052887108,4.382152860639011,0.0006259595473075824,GRAND,C vs D
0.1,9.059167117206647,79,0.9429425963813574,9.607336811352212,7.19875814947194e-15,15,6.558338114857397,1.6639979682544987,3.941313775603323,0.0014767517787225475,GRAND,C vs D
0.15,5.93071113612253,79,0.6113136121193947,9.701585272346612,4.735618620249104e-15,15,4.6091331746581155,1.012301822386493,4.553121482871702,0.0004510030109060446,GRAND,C vs D
