alpha,mean_pct,pooled_n,pooled_sem,pooled_t,pooled_p,clust_n,clust_mean_pct,clust_sem,clust_t,clust_p,experiment,comparison
0.05,9.769484656588778,79,1.1158682497490369,8.75505209399584,3.2247431260328237e-13,15,6.339884083241401,1.9624613068313443,3.2305778774706084,0.006041683500990656,GRAND,C vs A
0.1,5.752881949138915,79,0.6898692827012197,8.339089873103498,2.0706335900822116e-12,15,4.021234852487927,1.077764454684605,3.7310887689877403,0.002235456705765689,GRAND,C vs A
0.15,3.350970967068625,79,0.39946720457627816,8.38860093814975,1.659601625267352e-12,15,3.0030010218731475,0.479803889111356,6.2588092552459305,2.0955014648334383e-05,GRAND,C vs A
