alpha,mean_pct,pooled_n,pooled_sem,pooled_t,pooled_p,clust_n,clust_mean_pct,clust_sem,clust_t,clust_p,experiment,comparison
0.05,13.94899405021146,50,1.4011023867805223,9.955727848172256,2.3321532463886025e-13,5,13.948994050211462,4.009454438916343,3.4790254541417194,0.02537445152761549,HSI,C vs A
0.1,7.874481726685642,50,0.9396695689215274,8.380053996771759,5.0417588549848255e-11,5,7.874481726685643,2.3764986257642864,3.313480446113531,0.029558066053928442,HSI,C vs A
0.15,3.7883817189242333,50,0.5738064987653111,6.602193818083078,2.7428835263570492e-08,5,3.7883817189242337,1.1625527166031266,3.2586752108700416,0.031119697721013563,HSI,C vs A
