alpha,mean_pct,pooled_n,pooled_sem,pooled_t,pooled_p,clust_n,clust_mean_pct,clust_sem,clust_t,clust_p,experiment,comparison
0.05,15.099479832778528,79,1.2454956446558068,12.123269878596224,1.2666719484892612e-19,15,10.525728300753396,2.4019537052887108,4.382152860639011,0.0006259595473075824,GRAND,C vs D
0.1,9.059167117206647,79,0.9429425963813574,9.607336811352212,7.19875814947194e-15,15,6.558338114857397,1.6639979682544987,3.941313775603323,0.0014767517787225475,GRAND,C vs D
0.15,5.93071113612253,79,0.6113136121193947,9.701585272346612,4.735618620249104e-15,15,4.6091331746581155,1.012301822386493,4.553121482871702,0.0004510030109060446,GRAND,C vs D
