alpha,mean_pct,pooled_n,pooled_sem,pooled_t,pooled_p,clust_n,clust_mean_pct,clust_sem,clust_t,clust_p,experiment,comparison
0.05,20.554312178594643,50,1.3856687017660276,14.833496745938097,9.462175803805943e-20,5,20.55431217859464,4.23987916668167,4.847853292640274,0.008352398015460654,HSI,C vs D
0.1,12.002653730105612,50,1.2763075814228575,9.404201545778465,1.4854800799907553e-12,5,12.00265373010561,3.8223554841985607,3.140119693137915,0.034843720494913064,HSI,C vs D
0.15,7.475310720801339,50,0.8669409005701362,8.622630119175673,2.1678216361430236e-11,5,7.475310720801337,2.4704793090055754,3.025854413575445,0.03893866340255085,HSI,C vs D
