alpha,mean_pct,pooled_n,pooled_sem,pooled_t,pooled_p,clust_n,clust_mean_pct,clust_sem,clust_t,clust_p,experiment,comparison
0.05,5.694596477923162,29,0.9937037285527432,5.7306783846095914,3.786645931113597e-06,10,5.511436361832773,1.04213946641075,5.288578486346749,0.0005013752094742654,S2,C vs D
0.1,3.9841901984153254,29,0.6157004535293045,6.470987922093023,5.203174518244632e-07,10,3.8361803072332905,0.8625183876600233,4.447650464172351,0.0016056382454689886,S2,C vs D
0.15,3.267608403917688,29,0.4098815565619495,7.9720796205764906,1.1073983432135446e-08,10,3.1760444015865037,0.5918040445945573,5.366716281505645,0.0004523075415826642,S2,C vs D
