alpha,mean_pct,pooled_n,pooled_sem,pooled_t,pooled_p,clust_n,clust_mean_pct,clust_sem,clust_t,clust_p,experiment,comparison
0.05,13.94899405021146,50,1.4011023867805223,9.955727848172256,2.3321532463886025e-13,5,13.948994050211462,4.009454438916343,3.4790254541417194,0.02537445152761549,HSI,C vs A
0.1,7.874481726685642,50,0.9396695689215274,8.380053996771759,5.0417588549848255e-11,5,7.874481726685643,2.3764986257642864,3.313480446113531,0.029558066053928442,HSI,C vs A
0.15,3.7883817189242333,50,0.5738064987653111,6.602193818083078,2.7428835263570492e-08,5,3.7883817189242337,1.1625527166031266,3.2586752108700416,0.031119697721013563,HSI,C vs A
0.05,2.563433977928979,29,0.7719049324074531,3.3209192872158773,0.0025028526497425977,10,2.53532909975637,0.7674616410566057,3.3035254977250013,0.009178160698674807,S2,C vs A
0.1,2.0949512981962815,29,0.4386301972788854,4.776121915893289,5.11475126508782e-05,10,2.094611415389069,0.46690179478472305,4.486192682884937,0.001518818088092643,S2,C vs A
0.15,2.5968144983520585,29,0.4306070509328876,6.030589821337566,1.68555452280612e-06,10,2.6103106733476045,0.43060325189669474,6.0619855095145425,0.00018772341439591487,S2,C vs A
0.05,9.769484656588778,79,1.1158682497490369,8.75505209399584,3.2247431260328237e-13,15,6.339884083241401,1.9624613068313443,3.2305778774706084,0.006041683500990656,GRAND,C vs A
0.1,5.752881949138915,79,0.6898692827012197,8.339089873103498,2.0706335900822116e-12,15,4.021234852487927,1.077764454684605,3.7310887689877403,0.002235456705765689,GRAND,C vs A
0.15,3.350970967068625,79,0.39946720457627816,8.38860093814975,1.659601625267352e-12,15,3.0030010218731475,0.479803889111356,6.2588092552459305,2.0955014648334383e-05,GRAND,C vs A
