alpha,comparison,mean_pct,sem_val,t,p,n
0.05,C vs A,2.5634339779289776,0.7719049324074532,3.320919287215875,0.002502852649742615,29
0.05,C vs D,5.694596477923161,0.9937037285527432,5.73067838460959,3.7866459311136097e-06,29
0.1,C vs A,2.09495129819628,0.43863019727888536,4.776121915893286,5.1147512650878505e-05,29
0.1,C vs D,3.984190198415325,0.6157004535293046,6.470987922093021,5.203174518244661e-07,29
0.15,C vs A,2.5968144983520585,0.4306070509328876,6.030589821337566,1.68555452280612e-06,29
0.15,C vs D,3.2676084039176887,0.40988155656194936,7.972079620576496,1.1073983432135307e-08,29
