difficulty,A,B,C,D
1,1.0142600836246012,0.9920008789220642,1.0208671009145436,0.9577604418574985
2,1.4193239231726358,1.329680595841387,1.457425859314114,2.0
3,1.925498497024765,1.6724866537449308,1.9212345772519825,3.0
4,2.593748805449927,2.237445124380997,2.532119607763001,4.0
5,3.3939944883697337,2.8046016945886976,3.3409316992573377,5.114197575868427
